Address,Expected File Name,Image alt text
https://www.ekoraglobalconsulting.com/fac_cosmetic.png,cosmetic-manufacturing-plant-ekora.png,Cosmetic Manufacturing Plant Ekora
https://www.ekoraglobalconsulting.com/logo_white.png,ekora-global-consulting-logo-white.png,Ekora Global Consulting Logo White
https://www.ekoraglobalconsulting.com/rd_shelves.png,rd-innovation-ekora.png,RD Innovation Ekora
https://www.ekoraglobalconsulting.com/rd_scientist.png,advanced-rd-innovation.png,Advanced RD Innovation
https://www.ekoraglobalconsulting.com/egc_collage.png,no change,EGC collage
"https://www.ekoraglobalconsulting.com/ChatGPT%20Image%20Jun%201,%202026,%2007_14_44%20PM.png",factory-blueprint-ekora.png,Factory Blueprint Ekora
"https://www.ekoraglobalconsulting.com/ChatGPT%20Image%20Jun%201,%202026,%2008_11_46%20PM.png",ekora-global-consulting-header.png,Ekora Global Consulting Header
https://www.ekoraglobalconsulting.com/photo_2026-05-30_02-33-38.jpg,cosmetic-rd-formulation.png,Cosmetic RD Formulation
https://www.ekoraglobalconsulting.com/photo_2026-05-30_02-24-14.jpg,regulatory-fda-compliance.png,Regulatory FDA Compliance
https://www.ekoraglobalconsulting.com/photo_2026-05-30_02-23-41.jpg,plant-setup-factor-planning-ekora.png,Plant Setup Factor Planning Ekora
https://www.ekoraglobalconsulting.com/fac_turnkey.png,ekora-turnkey-projects.png,Ekora Turnkey Projects
https://www.ekoraglobalconsulting.com/fac_industrial.png,ekora-industrial-project-ekora.png,Ekora Industrial Project Ekora
https://www.ekoraglobalconsulting.com/services_hero.png,cosmetic-advisory-ekora.png,Cosmetic Advisory Ekora
https://www.ekoraglobalconsulting.com/cat_skincare.png,skincare-products-manufacturing-ekora.png,Skincare Products Manufacturing Ekora
https://www.ekoraglobalconsulting.com/fac_boutique.png,boutique-rd-plant.png,Boutique RD Plant
https://www.ekoraglobalconsulting.com/logo_black.png,ekora-global-consulting-logo-black.png,Ekora Global Consulting Logo Black
https://www.ekoraglobalconsulting.com/pe_hero_banner.png,cosmetic-formulation-product-categories.png,Cosmetic Formulation Product Categories
https://www.ekoraglobalconsulting.com/photo_2026-05-30_02-23-54.jpg,end-to-end-turnkey-project-solution-ekora.png,End to End Turnkey Project Solution Ekora
https://www.ekoraglobalconsulting.com/pe_cat_fragrance.png,fragrance-product-manufacturing-ekora.png,Fragrance Product Manufacturing Ekora
https://www.ekoraglobalconsulting.com/pe_cat_wellness.png,wellness-product-manufacturing-ekora.png,Wellness Product Manufacturing Ekora
https://www.ekoraglobalconsulting.com/pe_cat_mens.png,mens-product-manufacturing-ekora.png,Mens Product Manufacturing Ekora
https://www.ekoraglobalconsulting.com/pe_cat_bodycare.png,bodycare-product-manufacturing-ekora.png,Bodycare Product Manufacturing Ekora
https://www.ekoraglobalconsulting.com/pe_cat_nail.png,nailcare-product-manufacturing-ekora.png,Nailcare Product Manufacturing Ekora
https://www.ekoraglobalconsulting.com/pe_cat_skincare.png,skincare-manufacturing-ekora.png,Skincare Manufacturing Ekora
https://www.ekoraglobalconsulting.com/pe_cat_color.png,color-cosmetics-manufacturing-ekora.png,Color Cosmetics Manufacturing Ekora
https://www.ekoraglobalconsulting.com/pe_cat_haircare.png,haircare-products-manufacturing-ekora.png,Haircare Products Manufacturing Ekora
https://www.ekoraglobalconsulting.com/pe_cat_babycare.png,babycare-products-mamnufacturing-ekora.png,Babycare Products Mamnufacturing Ekora
https://www.ekoraglobalconsulting.com/pe_cat_spa.png,spa-cosmetic-manufacturing.png,Spa Cosmetic Manufacturing
https://www.ekoraglobalconsulting.com/pe_cat_vegan.png,vegan-cosmetics-manufacturing.png,Vegan Cosmetics Manufacturing
https://www.ekoraglobalconsulting.com/pe_cat_luxury.png,luxury-cosmetics-manufacturing.png,Luxury Cosmetics Manufacturing
https://www.ekoraglobalconsulting.com/pe_cat_herbal.png,herbal-comstics-manufacturing-ekora.png,Herbal Comstics Manufacturing Ekora
https://www.ekoraglobalconsulting.com/export_ready.png,export-ready-documentation-support-ekora.png,Export Ready Documentation Support Ekora
https://www.ekoraglobalconsulting.com/export_trade.png,export-trade-certification.png,Export Trade Certification
https://www.ekoraglobalconsulting.com/export_label.png,cosmetic-export-labelling.png,Cosmetic Export Labelling
https://www.ekoraglobalconsulting.com/export_safety.png,cosmetic-export-safety.png,Cosmetic Export Safety
https://www.ekoraglobalconsulting.com/stability_functional.png,no change,functional stablity ekora
https://www.ekoraglobalconsulting.com/stability_packaging.png,no change,stability packaging ekora
https://www.ekoraglobalconsulting.com/stability_physical.png,no change,physical stability ekora
https://www.ekoraglobalconsulting.com/recruit_mfg.png,recruit-manufacturing-operations-ekora.png,Recruit Manufacturing Operations Ekora
https://www.ekoraglobalconsulting.com/recruit_workforce.png,workforce-planning-ekora.png,Workforce Planning Ekora
https://www.ekoraglobalconsulting.com/stability_chemical.png,no-change.png,No Change
https://www.ekoraglobalconsulting.com/pe_cat_cosmeceutical.png,cosmaceutical-products-manufacturing.png,Cosmaceutical Products Manufacturing
https://www.ekoraglobalconsulting.com/recruit_scientific.png,cosmetic-scientific-innovation.png,Cosmetic Scientific Innovation
https://www.ekoraglobalconsulting.com/recruit_qa.png,quality-analysis-regulatory.png,Quality Analysis Regulatory
https://www.ekoraglobalconsulting.com/plant_hvac.png,hvac-environmental-control-cosmetics.png,HVAC Environmental Control Cosmetics
https://www.ekoraglobalconsulting.com/plant_utility_card.png,utility-infrastructure-cosmetics.png,Utility Infrastructure Cosmetics
https://www.ekoraglobalconsulting.com/plant_layout_card.png,factory-floorplan-layout.png,Factory Floorplan Layout
https://www.ekoraglobalconsulting.com/plant_cleanroom.png,cosmetic-cleanroom-engineering.png,Cosmetic Cleanroom Engineering
https://www.ekoraglobalconsulting.com/mfg_gmp_comp.png,gmp-compliance-cosmetics.png,GMP Compliance Cosmetics
https://www.ekoraglobalconsulting.com/mfg_opt.png,cosmetic-production-optimization.png,Cosmetic Production Optimization
https://www.ekoraglobalconsulting.com/hero_turnkey_project.png,turnkey-cosmetic-manufacturing-project-ekora.png,Turnkey Cosmetic Manufacturing Project Ekora
https://www.ekoraglobalconsulting.com/mfg_qms.png,cosmetic-manufacturing-quality-systems.png,Cosmetic Manufacturing Quality Systems
https://www.ekoraglobalconsulting.com/reg_market.png,cosmetic-market-registration.png,Cosmetic Market Registration
https://www.ekoraglobalconsulting.com/reg_docs_card.png,cosmetic-document-compliance.png,Cosmetic Document Compliance
https://www.ekoraglobalconsulting.com/reg_risk.png,cosmetic-risk-gap-analysis.png,Cosmetic Risk Gap Analysis
https://www.ekoraglobalconsulting.com/turnkey_const.png,cosmetic-plan-construction-approval.png,Cosmetic Plan Construction Approval
https://www.ekoraglobalconsulting.com/turnkey_val.png,cosmetic-plan-validation-launch.png,Cosmetic Plan Validation Launch
https://www.ekoraglobalconsulting.com/turnkey_equip.png,cosmetic-industrial-equipment-installation.png,Cosmetic Industrial Equipment Installation
https://www.ekoraglobalconsulting.com/turnkey_site.png,cosmetic-turnkey-site-engineering.png,Cosmetic Turnkey Site Engineering
https://www.ekoraglobalconsulting.com/reg_safety_card.png,cosmetic-safety-claims-ekora.png,Cosmetic Safety Claims Ekora
https://www.ekoraglobalconsulting.com/service_skincare.png,-.png,-
https://www.ekoraglobalconsulting.com/service_bodycare.png,-.png,-
https://www.ekoraglobalconsulting.com/service_lipcare.png,-.png,-
https://www.ekoraglobalconsulting.com/hero_innovation_rd.png,rd-innovation-cosmetic-ekora.png,RD Innovation Cosmetic Ekora
https://www.ekoraglobalconsulting.com/service_haircare.png,cosmetic-haircare-manufacturing-ekora.png,Cosmetic Haircare Manufacturing Ekora
https://www.ekoraglobalconsulting.com/hero_plant_setup.png,cosmetic-industry-plant-setup.png,Cosmetic Industry Plant Setup
https://www.ekoraglobalconsulting.com/scaleup_val.png,cosmetic-commercial-batch-validation.png,Cosmetic Commercial Batch Validation
https://www.ekoraglobalconsulting.com/hero_export_docs.png,cosmetic-export-documentation-services-ekora.png,Cosmetic Export Documentation Services Ekora
https://www.ekoraglobalconsulting.com/scaleup_docs.png,cosmetic-documentation-launch.png,Cosmetic Documentation Launch
https://www.ekoraglobalconsulting.com/hero_manufacturing_consulting.png,cosmetic-manufacturing-consulting-services-ekora.png,Cosmetic Manufacturing Consulting Services Ekora
https://www.ekoraglobalconsulting.com/scaleup_pilot_card.png,cosmetic-production-pilot-scale.png,Cosmetic Production Pilot Scale
https://www.ekoraglobalconsulting.com/pkg_cost_card.png,cosmetic-packaging-cost-sourcing.png,Cosmetic Packaging Cost Sourcing
https://www.ekoraglobalconsulting.com/pkg_sustain.png,post-consumer-recycled-material.png,Post Consumer Recycled Material
https://www.ekoraglobalconsulting.com/pkg_design_card.png,cosmetic-luxury-package-design.png,Cosmetic Luxury Package Design
https://www.ekoraglobalconsulting.com/scaleup_yield.png,cosmetic-yield-efficiency-ekora.png,Cosmetic Yield Efficiency Ekora
https://www.ekoraglobalconsulting.com/pkg_compat.png,cosmetic-packaging-compatibility-testing.png,Cosmetic Packaging Compatibility Testing
https://www.ekoraglobalconsulting.com/ing_natural.png,natural-herbal-incredient-sourcing-ekora.png,Natural Herbal Incredient Sourcing Ekora
https://www.ekoraglobalconsulting.com/ing_skincare.png,skincare-incredient-sourcing-ekora.png,Skincare Incredient Sourcing Ekora
https://www.ekoraglobalconsulting.com/rd_effic.png,cosmetic-resource-utilization.png,Cosmetic Resource Utilization
https://www.ekoraglobalconsulting.com/hero_stability_testing.png,stability-testing-cosmetics.png,Stability Testing Cosmetics
https://www.ekoraglobalconsulting.com/rd_innov.png,cosmetic-product-innovation.png,Cosmetic Product Innovation
https://www.ekoraglobalconsulting.com/rd_scale.png,cosmetic-scalable-innovation.png,Cosmetic Scalable Innovation
https://www.ekoraglobalconsulting.com/ing_haircare.png,cosmetic-hair-care-manufacturing-ekora.png,Cosmetic Hair Care Manufacturing Ekora
https://www.ekoraglobalconsulting.com/rd_speed.png,cosmetic-rd-acceleration.png,Cosmetic RD Acceleration
https://www.ekoraglobalconsulting.com/hero_ingredient_sourcing.png,cosmetic-incredient-sourcing-services.png,Cosmetic Incredient Sourcing Services
https://www.ekoraglobalconsulting.com/pl_audit.png,cosmetic-good-manufacturing-practices-audit.png,Cosmetic Good Manufacturing Practices Audit
https://www.ekoraglobalconsulting.com/pl_cost.png,cosmetic-moq-negotiation.png,Cosmetic MOQ Negotiation
https://www.ekoraglobalconsulting.com/pl_quality_card.png,cosmetic-quality-production.png,Cosmetic Quality Production
https://www.ekoraglobalconsulting.com/pl_partner.png,cosmetic-partner-selection.png,Cosmetic Partner Selection
https://www.ekoraglobalconsulting.com/hero_cosmetic_research.png,cosmetic-research-product-forumation.png,Cosmetic Research Product Forumation
https://www.ekoraglobalconsulting.com/hero_branding_gtm.png,cosmetic-branding-gotomarket-ekora.png,Cosmetic Branding GoToMarket Ekora
https://www.ekoraglobalconsulting.com/dpr_prep.png,cosmetic-dpr-ekora.png,Cosmetic DPR Ekora
https://www.ekoraglobalconsulting.com/hero_regulatory_compliance.png,regulatory-compliance-ekora.png,Regulatory Compliance Ekora
https://www.ekoraglobalconsulting.com/dpr_market_card.png,cosmetic-market-research-ekora.png,Cosmetic Market Research Ekora
https://www.ekoraglobalconsulting.com/hero_recruitment.png,cosmetic-industry-recruitment.png,Cosmetic Industry Recruitment
https://www.ekoraglobalconsulting.com/dpr_finance_card.png,cosmetic-financial-analysis.png,Cosmetic Financial Analysis
https://www.ekoraglobalconsulting.com/dpr_funding.png,cosmetic-funding-support-ekora.png,Cosmetic Funding Support Ekora
https://www.ekoraglobalconsulting.com/ing_bodycare.png,skincare-formulation-ekora.png,Skincare Formulation Ekora
https://www.ekoraglobalconsulting.com/hero_packaging.png,cosmetic-packaging-development-ekora.png,Cosmetic Packaging Development Ekora
https://www.ekoraglobalconsulting.com/hero_scale_up.png,cosmetic-industry-scale-up-commercialization.png,Cosmetic Industry Scale Up Commercialization
https://www.ekoraglobalconsulting.com/hero_private_label.png,cosmetic-private-label-contract-support.png,Cosmetic Private Label Contract Support
https://www.ekoraglobalconsulting.com/brand_gtm_card.png,gtm-launch-ekora.png,GTM Launch Ekora
https://www.ekoraglobalconsulting.com/brand_pricing.png,cosmetic-brand-porfolio-ekora.png,Cosmetic Brand Porfolio Ekora
https://www.ekoraglobalconsulting.com/brand_strat.png,cosmetic-brand-strategy-ekora.png,Cosmetic Brand Strategy Ekora
https://www.ekoraglobalconsulting.com/brand_dist.png,distribution-global-support-ekoraq.png,Distribution Global Support Ekoraq
https://www.ekoraglobalconsulting.com/hero_dpr_business.png,cosmetic-dpr-business-consulting-services-ekora.png,Cosmetic DPR Business Consulting Services Ekora